Paper Title,Authors,Year,Decision,Reason for Inclusion,Reason for Exclusion,DOI,EID,Screening Basis
Engineering antimicrobial surfaces by harnessing polymeric nanoassemblies,Ikkene D.; Eggenberger O.M.; Schoenenberger C.-A.; Palivan C.G.,2023,EXCLUDE,,Does not substantially address antimicrobial resistance.,10.1016/j.cocis.2023.101706,2-s2.0-85161989996,Title + Abstract
Artificial intelligence and prescription of antibiotic therapy: present and future,Giacobbe D.R.; Marelli C.; Guastavino S.; Signori A.; Mora S.; Rosso N.; Campi C.; Piana M.; Murgia Y.; Giacomini M.; Bassetti M.,2024,EXCLUDE,,"Reviews AI/ML applications, but explainability is not a substantive focus for AMR.",10.1080/14787210.2024.2386669,2-s2.0-85201522826,Title + Abstract
The resurgence of phage-based therapy in the era of increasing antibiotic resistance: From research progress to challenges and prospects,Anyaegbunam N.J.; Anekpo C.C.; Anyaegbunam Z.K.G.; Doowuese Y.; Chinaka C.B.; Odo O.J.; Sharndama H.C.; Okeke O.P.; Mba I.E.,2022,EXCLUDE,,"Focuses on antimicrobial agents/materials, therapy, or toxicity rather than explainable AI for antimicrobial resistance.",10.1016/j.micres.2022.127155,2-s2.0-85135863140,Title + Abstract
Machine learning-based predictive modeling of foodborne pathogens and antimicrobial resistance in food microbiomes using omics techniques: A systematic review,Okoye C.O.; Abhadiomhen S.E.; Ezenwanne B.C.; Chen X.; Jiang H.; Wu Y.; Jiang J.,2025,INCLUDE,"Directly reviews XAI/interpretability in AI/ML applications relevant to antimicrobial resistance, including prediction, surveillance, diagnostics, or clinical deployment.",,10.1016/j.foodres.2025.117255,2-s2.0-105012824288,Title + Abstract
"Artificial intelligence for antimicrobial resistance: advancing reproducibility, interpretability, and clinical deployment",Sardar S.; Dash S.; Roychowdhury P.; Solanki J.; Sikdar P.; Thangappan J.; Dutta S.,2026,INCLUDE,"Directly reviews XAI/interpretability in AI/ML applications relevant to antimicrobial resistance, including prediction, surveillance, diagnostics, or clinical deployment.",,10.1093/bib/bbag269,2-s2.0-105040886194,Title + Abstract
AI in food safety and traceability: legal and ethical dimensions of next-generation food systems,Roy P.; Das D.; Prasad B.; Sen A.; Mandal A.K.,2026,EXCLUDE,,Outside the core review scope of explainable AI for antimicrobial resistance.,10.1016/j.cofs.2026.101436,2-s2.0-105044630712,Title + Abstract
"Metagenomics and Machine Learning for Foodborne Pathogen Risk Prediction: Current Status, Challenges, and Future Directions",Zhou P.; Wen D.; Yu H.; Chen M.,2026,INCLUDE,"Directly reviews XAI/interpretability in AI/ML applications relevant to antimicrobial resistance, including prediction, surveillance, diagnostics, or clinical deployment.",,10.1002/efd2.70201,2-s2.0-105046754935,Title + Abstract
"11th International Conference on Pattern Recognition and Machine Intelligence, PReMI 2025",,2026,EXCLUDE,,Conference proceedings overview rather than a focused review of explainable AI for antimicrobial resistance.,,2-s2.0-105039634879,Title + Abstract
Ethnomedicinal plants and associated indigenous knowledge for the treatment of different infectious diseases in Ethiopia,Dubale S.; Abdissa N.; Kebebe D.; Debella A.; Zeynudin A.; Suleman S.,2023,EXCLUDE,,"Focuses on antimicrobial agents/materials, therapy, or toxicity rather than explainable AI for antimicrobial resistance.",10.1016/j.hermed.2023.100669,2-s2.0-85161724220,Title + Abstract
Data-Driven Engineering of Antimicrobial Nanomaterials for Food Safety and Biomedical Systems,Nguyen H.L.; Nguyen H.M.X.; Nguyen T.B.N.,2026,EXCLUDE,,"Focuses on antimicrobial agents/materials, therapy, or toxicity rather than explainable AI for antimicrobial resistance.",10.3390/nano16120764,2-s2.0-105043172698,Title + Abstract
Decoding biochemical fingerprints: Artificial intelligence-empowered Raman spectroscopy for rapid phenotypic antimicrobial susceptibility testing,Lu C.; Zhang W.; Zhao Z.; Zhao X.; Lv Y.; Zhao Z.; Huang Y.; Sun J.; Hong W.; Wang P.; Chen X.,2027,INCLUDE,"Directly reviews XAI/interpretability in AI/ML applications relevant to antimicrobial resistance, including prediction, surveillance, diagnostics, or clinical deployment.",,10.1016/j.talanta.2026.130270,2-s2.0-105044136269,Title + Abstract
Citrus Essential Oils: a Treasure Trove of Antibiofilm Agent,Lahiri D.; Nag M.; Dey A.; Pandit S.; Joshi S.; Upadhye V.J.; Ray R.R.,2022,EXCLUDE,,"Focuses on antimicrobial agents/materials, therapy, or toxicity rather than explainable AI for antimicrobial resistance.",10.1007/s12010-022-04033-0,2-s2.0-85133224268,Title + Abstract
Artificial intelligence and its application in clinical microbiology,Mairi A.; Hamza L.; Touati A.,2025,INCLUDE,"Directly reviews XAI/interpretability in AI/ML applications relevant to antimicrobial resistance, including prediction, surveillance, diagnostics, or clinical deployment.",,10.1080/14787210.2025.2484284,2-s2.0-105001121385,Title + Abstract
Systematic review of antibacterial potential in calcium oxide and silicon oxide nanoparticles for clinical and environmental infection control,Algadi H.; Alhoot M.A.; Yaaqoob L.A.,2025,EXCLUDE,,"Focuses on antimicrobial agents/materials, therapy, or toxicity rather than explainable AI for antimicrobial resistance.",10.32725/jab.2025.001,2-s2.0-105001717484,Title + Abstract
Artificial intelligence in hospital infection prevention: an integrative review,El Arab R.A.; Almoosa Z.; Alkhunaizi M.; Abuadas F.H.; Somerville J.,2025,INCLUDE,Relevant supporting review for AI/ML and AMR with an explicit discussion of model explainability/interpretability.,,10.3389/fpubh.2025.1547450,2-s2.0-105003294593,Title + Abstract
Antimicrobial activity of natural mollusc shells: A review,Brakemi E.; Michael K.; Tan S.P.; Helen H.,2024,EXCLUDE,,"Focuses on antimicrobial agents/materials, therapy, or toxicity rather than explainable AI for antimicrobial resistance.",10.1016/j.procbio.2023.12.016,2-s2.0-85181878009,Title + Abstract
Artificial intelligence-powered new approach methodologies for assessing combined toxicity of chemical mixtures,Lu Y.-S.; Chen L.; Qian Y.-Z.; Xu Y.-Y.,2026,EXCLUDE,,"Focuses on antimicrobial agents/materials, therapy, or toxicity rather than explainable AI for antimicrobial resistance.",10.1080/10643389.2026.2693546,2-s2.0-105043516685,Title + Abstract
Progressing microbial genomics: Artificial intelligence and deep learning driven advances in genome analysis and therapeutics,Dhaarani R.; Reddy M.K.,2025,INCLUDE,"Directly reviews XAI/interpretability in AI/ML applications relevant to antimicrobial resistance, including prediction, surveillance, diagnostics, or clinical deployment.",,10.1016/j.ibmed.2025.100251,2-s2.0-105003577734,Title + Abstract
Uncloaking the black-box: the need for explainable artificial intelligence in clinical microbiology and infectious diseases applications,Warrier S.P.; Narasimhan V.; Meijer E.; Gütlin Y.; Nolte O.; Veeraraghavan B.; Egli A.,2026,INCLUDE,"Directly reviews XAI/interpretability in AI/ML applications relevant to antimicrobial resistance, including prediction, surveillance, diagnostics, or clinical deployment.",,10.3389/fpubh.2026.1776922,2-s2.0-105036147052,Title + Abstract
Artificial Intelligence and Deep Learning for Antimicrobial Resistance Prediction: A Scoping Review of Architectures and Explainability,Shehata Y.; Noureddine D.B.,2026,INCLUDE,Relevant supporting review for AI/ML and AMR with an explicit discussion of model explainability/interpretability.,,10.1109/ACCESS.2026.3698372,2-s2.0-105040354555,Title + Abstract
"23rd International Conference on Artificial Intelligence in Medicine, AIME 2025",,2025,EXCLUDE,,Conference proceedings overview rather than a focused review of explainable AI for antimicrobial resistance.,,2-s2.0-105009811283,Title + Abstract
"Artificial intelligence in microbiology: implications for metagenomics, diagnostics, and AMR surveillance",Khangarot R.; Kumari V.; Mishra R.; Singh A.,2026,INCLUDE,"Directly reviews XAI/interpretability in AI/ML applications relevant to antimicrobial resistance, including prediction, surveillance, diagnostics, or clinical deployment.",,10.1186/s12938-026-01568-9,2-s2.0-105040396609,Title + Abstract
"Artificial intelligence in clinical metagenomic pathogen detection: A critical review of pipeline integrations, challenges, and future directions",Dai J.; Tan X.; Ma J.,2026,INCLUDE,"Directly reviews XAI/interpretability in AI/ML applications relevant to antimicrobial resistance, including prediction, surveillance, diagnostics, or clinical deployment.",,10.1016/j.mimet.2026.107592,2-s2.0-105041959939,Title + Abstract
Integrating explainable AI and One Health: a new frontier in combating infectious diseases,Cao Y.; Lancaster E.; Lee J.; Wu J.,2026,INCLUDE,"Directly reviews XAI/interpretability in AI/ML applications relevant to antimicrobial resistance, including prediction, surveillance, diagnostics, or clinical deployment.",,10.1016/j.ebiom.2026.106207,2-s2.0-105035262969,Title + Abstract
Detection for New Biomarkers of Tuberculosis Infection Activity Using Machine Learning Methods,Starshinova A.A.; Sabirova A.; Koroteeva O.; Kudryavtsev I.; Rubinstein A.; Aquino A.; Trulioff A.S.; Belyaeva E.; Kulpina A.; Sharipov R.A.; Tukfatullin R.K.; Nikolenko N.Y.; Mikhalev A.; Savchenko A.A.; Borisov A.; Kudlay D.,2026,EXCLUDE,,Does not substantially address antimicrobial resistance.,10.3390/diseases14020066,2-s2.0-105031115764,Title + Abstract
"23rd International Conference on Artificial Intelligence in Medicine, AIME 2025",,2025,EXCLUDE,,Conference proceedings overview rather than a focused review of explainable AI for antimicrobial resistance.,,2-s2.0-105009815024,Title + Abstract
Review featuring the use of inorganic nano-structured material for anti-microbial properties in textile,Nawab R.; Iqbal A.; Niazi F.; Iqbal G.; khurshid A.; Saleem A.; Munis M.F.H.,2023,EXCLUDE,,"Focuses on antimicrobial agents/materials, therapy, or toxicity rather than explainable AI for antimicrobial resistance.",10.1007/s00289-022-04418-5,2-s2.0-85136942802,Title + Abstract
"Machine learning-enabled label-free SERS for microbial sensing: Toward robust, generalizable, and deployable workflows",Mahmud S.; Islam M.S.B.; Naznine M.; Sumon M.S.I.; Zughaier S.M.; Zhao Y.; Chowdhury M.E.H.,2027,INCLUDE,"Directly reviews XAI/interpretability in AI/ML applications relevant to antimicrobial resistance, including prediction, surveillance, diagnostics, or clinical deployment.",,10.1016/j.talanta.2026.130241,2-s2.0-105044010505,Title + Abstract